Workbook

Sheet Resumen
A1: Inventario de pólizas y sumas aseguradas
A2: Daniel Cardona Sánchez · Prudential Seguros México, S.A. de C.V.
A3: Fecha de corte: 28 de julio de 2026
A5: PARÁMETROS DE VALUACIÓN (editar estas celdas)
A6: Valor de la UDI en pesos | B6: 8.83083 | C6: Banxico. Actualízalo el día que uses el archivo.
A7: Tipo de cambio USD/MXN (FIX) | B7: 17.513 | C7: DOF, publicado para el 24/07/2026.
A8: Todas las cifras en pesos del archivo se recalculan a partir de estas dos celdas.
A10: NÚMERO DE PÓLIZAS
A11: Pólizas del titular (Daniel Cardona Sánchez) | B11: =COUNTIF(Polizas!$D$2:$D$7,"Titular")
A12: Pólizas del grupo familiar | B12: =COUNTIF(Polizas!$D$2:$D$7,"Grupo familiar")
A13: Total de pólizas vigentes | B13: =B11+B12
A15: SUMA ASEGURADA DEL TITULAR (pesos)
A16: Fallecimiento por cualquier causa | B16: =SUMIF(Polizas!$D$2:$D$7,"Titular",Polizas!$M$2:$M$7) | C16: Sólo cobertura básica. Es la protección de piso real.
A17: Fallecimiento accidental | B17: =SUMIF(Polizas!$D$2:$D$7,"Titular",Polizas!$P$2:$P$7) | C17: Básica más muerte accidental. Aplica sólo si el fallecimiento es accidental.
A18: Invalidez total y permanente | B18: =SUMIF(Polizas!$D$2:$D$7,"Titular",Polizas!$N$2:$N$7) | C18: Beneficio independiente. No se suma al fallecimiento.
A20: SUMA ASEGURADA DEL GRUPO FAMILIAR (pesos)
A21: Fallecimiento por cualquier causa | B21: =SUMIF(Polizas!$D$2:$D$7,"Grupo familiar",Polizas!$M$2:$M$7)
A22: Fallecimiento accidental | B22: =SUMIF(Polizas!$D$2:$D$7,"Grupo familiar",Polizas!$P$2:$P$7)
A23: Invalidez total y permanente | B23: =SUMIF(Polizas!$D$2:$D$7,"Grupo familiar",Polizas!$N$2:$N$7)
A25: TOTAL CONSOLIDADO (pesos)
A26: Fallecimiento por cualquier causa | B26: =B16+B21
A27: Fallecimiento accidental | B27: =B17+B22
A29: Notas
A30: · Las sumas aseguradas no se acumulan de forma plana. La cobertura por muerte accidental se suma a la básica únicamente cuando el fallecimiento es de origen accidental.
A31: · Las coberturas de invalidez y de salud son beneficios independientes y no se suman al beneficio por fallecimiento.
A32: · Fuente de los datos: Portal de Agentes Prudential, ruta Consultas > Pólizas, pestaña Coberturas de la carátula, consultada el 28/07/2026.
A33: · Pendientes: designación de beneficiarios, valores de rescate y confirmar si el plazo de 5 años de la póliza 102264 es periodo de pago o vigencia de la cobertura.

Sheet Polizas
A1: Póliza | B1: Contratante | C1: Asegurado | D1: Titularidad | E1: Producto | F1: Emisión | G1: Estatus | H1: Moneda | I1: SA básica | J1: SA invalidez | K1: SA accidental | L1: SA salud | M1: Básica MXN | N1: Invalidez MXN | O1: Accidental MXN | P1: Total accidental MXN
A2: 89793 | B2: DANIEL CARDONA SANCHEZ | C2: DANIEL CARDONA SANCHEZ | D2: Titular | E2: BIENESTAR PRUDENTIAL 20 AÑOS SIN INVALIDEZ | F2: 02/07/2024 | G2: EN VIGOR | H2: UDIS | I2: 150000 | J2: 150000 | K2: 150000 | L2: 40000 | M2: =IF($H2="UDIS",I2*Resumen!$B$6,I2*Resumen!$B$7) | N2: =IF($H2="UDIS",J2*Resumen!$B$6,J2*Resumen!$B$7) | O2: =IF($H2="UDIS",K2*Resumen!$B$6,K2*Resumen!$B$7) | P2: =M2+O2
A3: 102239 | B3: DANIEL CARDONA SANCHEZ | C3: DANIEL CARDONA SANCHEZ | D3: Titular | E3: PERSONALIZA PRU 20 AÑOS | F3: 30/10/2025 | G3: EN VIGOR | H3: UDIS | I3: 60000 | J3: 200000 | K3: 200000 | L3: 0 | M3: =IF($H3="UDIS",I3*Resumen!$B$6,I3*Resumen!$B$7) | N3: =IF($H3="UDIS",J3*Resumen!$B$6,J3*Resumen!$B$7) | O3: =IF($H3="UDIS",K3*Resumen!$B$6,K3*Resumen!$B$7) | P3: =M3+O3
A4: 102261 | B4: DANIEL CARDONA SANCHEZ | C4: DANIEL CARDONA SANCHEZ | D4: Titular | E4: GARANTÍA PRUDENTIAL 20 AÑOS SIN INVALIDEZ | F4: 30/10/2025 | G4: EN VIGOR | H4: UDIS | I4: 225000 | J4: 225000 | K4: 225000 | L4: 0 | M4: =IF($H4="UDIS",I4*Resumen!$B$6,I4*Resumen!$B$7) | N4: =IF($H4="UDIS",J4*Resumen!$B$6,J4*Resumen!$B$7) | O4: =IF($H4="UDIS",K4*Resumen!$B$6,K4*Resumen!$B$7) | P4: =M4+O4
A5: 102264 | B5: DANIEL CARDONA SANCHEZ | C5: DANIEL CARDONA SANCHEZ | D5: Titular | E5: BIENESTAR PRUDENTIAL 5 AÑOS SIN INVALIDEZ | F5: 30/10/2025 | G5: EN VIGOR | H5: DOLARES | I5: 113300 | J5: 113300 | K5: 113300 | L5: 0 | M5: =IF($H5="UDIS",I5*Resumen!$B$6,I5*Resumen!$B$7) | N5: =IF($H5="UDIS",J5*Resumen!$B$6,J5*Resumen!$B$7) | O5: =IF($H5="UDIS",K5*Resumen!$B$6,K5*Resumen!$B$7) | P5: =M5+O5
A6: 92834 | B6: MARTHA LETICIA GOSSEREZ ROJAS | C6: MARTHA LETICIA GOSSEREZ ROJAS | D6: Grupo familiar | E6: BIENESTAR PRUDENTIAL 10 AÑOS SIN INVALIDEZ | F6: 31/10/2024 | G6: EN VIGOR | H6: UDIS | I6: 250000 | J6: 250000 | K6: 250000 | L6: 27500 | M6: =IF($H6="UDIS",I6*Resumen!$B$6,I6*Resumen!$B$7) | N6: =IF($H6="UDIS",J6*Resumen!$B$6,J6*Resumen!$B$7) | O6: =IF($H6="UDIS",K6*Resumen!$B$6,K6*Resumen!$B$7) | P6: =M6+O6
A7: 100631 | B7: MARTHA LETICIA GOSSEREZ ROJAS | C7: ALDO CARDONA GOSSEREZ | D7: Grupo familiar | E7: PERSONALIZA PRU 20 AÑOS | F7: 25/09/2025 | G7: EN VIGOR | H7: UDIS | I7: 60000 | J7: 0 | K7: 370000 | L7: 0 | M7: =IF($H7="UDIS",I7*Resumen!$B$6,I7*Resumen!$B$7) | N7: =IF($H7="UDIS",J7*Resumen!$B$6,J7*Resumen!$B$7) | O7: =IF($H7="UDIS",K7*Resumen!$B$6,K7*Resumen!$B$7) | P7: =M7+O7
A8: TOTAL | M8: =SUM(M2:M7) | N8: =SUM(N2:N7) | O8: =SUM(O2:O7) | P8: =SUM(P2:P7)
A10: Las columnas en pesos se calculan con la UDI y el tipo de cambio de la hoja Resumen, celdas B6 y B7.

Sheet Coberturas
A1: Póliza | B1: Asegurado | C1: Cobertura | D1: Tipo | E1: Suma asegurada | F1: Moneda | G1: Estatus cobertura | H1: Equivalente MXN
A2: 89793 | B2: DANIEL CARDONA SANCHEZ | C2: BIENESTAR PRUDENTIAL 20 AÑOS SIN INVALIDEZ (UDIS) | D2: BASICA | E2: 150000 | F2: UDIS | G2: PAGO DE PRIMAS EN CURSO | H2: =IF($F2="UDIS",E2*Resumen!$B$6,E2*Resumen!$B$7)
A3: 89793 | B3: DANIEL CARDONA SANCHEZ | C3: CIRUGÍAS BRONCE SIN INVALIDEZ (UDIS) | D3: SALUD | E3: 40000 | F3: UDIS | G3: PAGO DE PRIMAS EN CURSO | H3: =IF($F3="UDIS",E3*Resumen!$B$6,E3*Resumen!$B$7)
A4: 89793 | B4: DANIEL CARDONA SANCHEZ | C4: INVALIDEZ TOTAL Y PERMANENTE | D4: INVALIDEZ | E4: 150000 | F4: UDIS | G4: no disponible | H4: =IF($F4="UDIS",E4*Resumen!$B$6,E4*Resumen!$B$7)
A5: 89793 | B5: DANIEL CARDONA SANCHEZ | C5: MUERTE ACCIDENTAL O PÉRDIDAS ORGÁNICAS | D5: ACCIDENTAL | E5: 150000 | F5: UDIS | G5: no disponible | H5: =IF($F5="UDIS",E5*Resumen!$B$6,E5*Resumen!$B$7)
A6: 102239 | B6: DANIEL CARDONA SANCHEZ | C6: PERSONALIZA PRU 20 AÑOS (UDIS) | D6: BASICA | E6: 60000 | F6: UDIS | G6: PAGO DE PRIMAS EN CURSO | H6: =IF($F6="UDIS",E6*Resumen!$B$6,E6*Resumen!$B$7)
A7: 102239 | B7: DANIEL CARDONA SANCHEZ | C7: EXCESO PERSONALIZA PRU 20 AÑOS (UDIS) | D7: EXCESO | E7: 0 | F7: UDIS | G7: PAGO DE PRIMAS EN CURSO | H7: =IF($F7="UDIS",E7*Resumen!$B$6,E7*Resumen!$B$7)
A8: 102239 | B8: DANIEL CARDONA SANCHEZ | C8: INVALIDEZ TOTAL Y PERMANENTE | D8: INVALIDEZ | E8: 200000 | F8: UDIS | G8: no disponible | H8: =IF($F8="UDIS",E8*Resumen!$B$6,E8*Resumen!$B$7)
A9: 102239 | B9: DANIEL CARDONA SANCHEZ | C9: MUERTE ACCIDENTAL O PÉRDIDAS ORGÁNICAS | D9: ACCIDENTAL | E9: 200000 | F9: UDIS | G9: no disponible | H9: =IF($F9="UDIS",E9*Resumen!$B$6,E9*Resumen!$B$7)
A10: 102261 | B10: DANIEL CARDONA SANCHEZ | C10: GARANTÍA PRUDENTIAL 20 AÑOS SIN INVALIDEZ (UDIS) | D10: BASICA | E10: 225000 | F10: UDIS | G10: PAGO DE PRIMAS EN CURSO | H10: =IF($F10="UDIS",E10*Resumen!$B$6,E10*Resumen!$B$7)
A11: 102261 | B11: DANIEL CARDONA SANCHEZ | C11: INVALIDEZ TOTAL Y PERMANENTE | D11: INVALIDEZ | E11: 225000 | F11: UDIS | G11: no disponible | H11: =IF($F11="UDIS",E11*Resumen!$B$6,E11*Resumen!$B$7)
A12: 102261 | B12: DANIEL CARDONA SANCHEZ | C12: MUERTE ACCIDENTAL O PÉRDIDAS ORGÁNICAS | D12: ACCIDENTAL | E12: 225000 | F12: UDIS | G12: no disponible | H12: =IF($F12="UDIS",E12*Resumen!$B$6,E12*Resumen!$B$7)
A13: 102264 | B13: DANIEL CARDONA SANCHEZ | C13: BIENESTAR PRUDENTIAL 5 AÑOS SIN INVALIDEZ (USD) | D13: BASICA | E13: 113300 | F13: DOLARES | G13: PAGO DE PRIMAS EN CURSO | H13: =IF($F13="UDIS",E13*Resumen!$B$6,E13*Resumen!$B$7)
... A22: 100631 | B22: ALDO CARDONA GOSSEREZ | C22: MUERTE ACCIDENTAL O PÉRDIDAS ORGÁNICAS | D22: ACCIDENTAL | E22: 370000 | F22: UDIS | G22: no disponible | H22: =IF($F22="UDIS",E22*Resumen!$B$6,E22*Resumen!$B$7)
A24: Detalle completo de las 21 coberturas. Filtra por la columna Tipo para aislar BASICA, INVALIDEZ, ACCIDENTAL, SALUD o EXCESO.
